section,depth,AC-mean-angle,AC-tr-mean-angle,AC-r-mean-angle
155_2,126.69986875,45.56567694480328,29.023563398871428,37.67625528505069
156_2,128.03054687500003,51.806302538308906,50.74717929583088,4.52193963276228
158,128.92856718750002,53.687135929440785,-27.773019280777017,4.441222031624063
159_3,130.0411703125,39.525159262221955,-35.21421695687288,-22.657719887862136
