section,depth,AC-mean-angle,AC-tr-mean-angle,AC-r-mean-angle
155_2,126.69986875000001,45.78348755560397,28.93522386913762,38.227364387620334
156_2,128.03054687499997,51.74698508076119,50.30309066719668,6.925710454777678
158,128.92844218750002,,-31.84631729664317,-20.623331199583884
159_3,130.04104531249996,39.686620292418674,-34.83506252629216,-21.603024055513426
